<?xml version='1.0' encoding='UTF-8'?>  
<!DOCTYPE hibernate-mapping PUBLIC  
"-//Hibernate/Hibernate Mapping DTD 3.0//EN"  
"http://hibernate.sourceforge.net/hibernate-mapping-3.0.dtd">  
  
<hibernate-mapping>
  
<class name="com.portal.models.Cart" table="CART">  

<id name="id" type = "string">
<column name = "ID" length = "255"/>  
<generator class="assigned"/>  
</id>  



<property name="cart" type = "string">
<column name = "CART"/>
</property>  
     
     
<property name="name" type = "string">
<column name = "NAME" length = "255" />
</property> 

          
<property name = "count" type = "int">
<column name = "COUNT"/>
</property>

</class>  
            
</hibernate-mapping>  