<?xml version = "1.0" encoding = "UTF-8"?>
<!DOCTYPE hibernate-configuration PUBLIC "-//
Hibernate/Hibernate Configuration DTD 3.0//
EN" "http://www.hibernate.org/dtd/hibernate-configuration-3.0.dtd">
<hibernate-configuration>
<session-factory>
<property name = "hibernate.dialect">org.hibernate.dialect.H2Dialect</property>
<property name ="hibernate.connection.driver_class">org.h2.Driver</property>
<property name = "hibernate.connection.url">jdbc:h2:~/test</property>

<property name = "hibernate.connection.username">admin</property>
<property name = "hibernate.connection.password">admin</property>
<property name = "hibernate.show_sql">true</property>
<property name = "hibernate.current_session_context_class">thread</property>

<mapping resource = "client.hbm.xml"/>
<mapping resource = "category.hbm.xml"/>
<mapping resource = "product.hbm.xml"/>
<mapping resource = "supplier.hbm.xml"/>
<mapping resource = "cart.hbm.xml"/>
</session-factory>
</hibernate-configuration>