<beans xmlns="http://www.springframework.org/schema/beans"
   xmlns:context="http://www.springframework.org/schema/context"
   xmlns:xsi="http://www.w3.org/2001/XMLSchema-instance"
   xmlns:mvc="http://www.springframework.org/schema/mvc"
   xsi:schemaLocation="
   http://www.springframework.org/schema/beans  
   http://www.springframework.org/schema/beans/spring-beans-3.0.xsd
   http://www.springframework.org/schema/context 
   http://www.springframework.org/schema/context/spring-context-3.0.xsd
   http://www.springframework.org/schema/mvc
   http://www.springframework.org/schema/mvc/spring-mvc-4.0.xsd">
 
   <bean class="org.springframework.web.servlet.view.InternalResourceViewResolver">
      <property name="prefix" value="/WEB-INF/" />
      <property name="suffix" value=".jsp" />
   </bean>
  <import resource="webflow-Context.xml" /> 
   
  <context:component-scan base-package="com.niit" />
  <context:component-scan base-package="com.portal" />
  <context:component-scan base-package="com.flow" />
  <mvc:resources mapping="/images/**" location="/WEB-INF/images/" />
  <mvc:resources mapping="/bootstrap/**" location="/WEB-INF/bootstrap/" />
  <mvc:resources mapping="/angularjs/**" location="/WEB-INF/angularjs/" />
  <mvc:default-servlet-handler />
  <mvc:annotation-driven />
  <bean id="multipartResolver" class="org.springframework.web.multipart.commons.CommonsMultipartResolver">
		<property name="maxUploadSize" value="1000000" />
   </bean>
  
</beans>
