    <beans xmlns="http://www.springframework.org/schema/beans"  
        xmlns:xsi="http://www.w3.org/2001/XMLSchema-instance"   
        xmlns:flow="http://www.springframework.org/schema/webflow-config"   
        xmlns:context="http://www.springframework.org/schema/context"  
        xsi:schemaLocation="http://www.springframework.org/schema/beans http://www.springframework.org/schema/beans/spring-beans-3.0.xsd   
        http://www.springframework.org/schema/context http://www.springframework.org/schema/context/spring-context-3.0.xsd  
        http://www.springframework.org/schema/webflow-config http://www.springframework.org/schema/webflow-config/spring-webflow-config-2.3.xsd">  
      
          
        <!-- Registry of executable flows -->  
        <flow:flow-registry flow-builder-services="flowBuilderServices" id="flowRegistry" base-path="/WEB-INF/flows/">  
            <flow:flow-location id="hello" path="hello-flow.xml" />   
        </flow:flow-registry>  
          
        <!-- Executes flows -->  
        <flow:flow-executor id="flowExecutor" flow-registry="flowRegistry" />   
          
        <!-- Dispatches requests to Flows -->  
        <bean class="org.springframework.webflow.mvc.servlet.FlowHandlerAdapter">  
            <property name="flowExecutor" ref="flowExecutor" />  
        </bean>  
          
        <!-- Maps specific paths to flows. For example, /hello will look for a flow with id hello -->  
        <bean class="org.springframework.webflow.mvc.servlet.FlowHandlerMapping">  
            <property name="flowRegistry" ref="flowRegistry" />  
            <property name="order" value="0" />  
        </bean>  
          
        <bean id="flowViewResolver" class="org.springframework.webflow.mvc.builder.MvcViewFactoryCreator" />  
      
        <flow:flow-builder-services id="flowBuilderServices" view-factory-creator="flowViewResolver" />  
          
    </beans>  